"","ID1","ID2","k0","k1","kinship"
"1","S121","S122",0.258062109675654,0.629291933436865,0.213645961802957
"2","S121","S123",0.244521043122529,0.636053598151296,0.218726078900912
"3","S121","S124",0.275939877257331,0.567466683982129,0.220163390375802
"4","S121","S125",0.29730040030828,0.5231080242097,0.220572793793435
"5","S121","S126",0.459175044334932,0.450864582670492,0.157696332164911
"6","S121","S127",0.467930652029599,0.436050054968866,0.157022160242984
"7","S121","S128",0.464388838800281,0.40503036497754,0.166547989355474
"8","S121","S129",0.455431348407073,0.454026960546058,0.158777585659949
"9","S121","S130",0.449967863084125,0.457147801909868,0.160729117980471
"10","S121","S131",0.737122614155824,0.173725245095004,0.0880073816483367
"11","S121","S132",0.713815589995699,0.26047851139941,0.0779725771522978
"12","S121","S133",0.723640123602106,0.196084295106673,0.089158864422279
"13","S121","S134",0.674327514172982,0.25036028213879,0.100246172378811
"14","S121","S135",0.662557854410845,0.279467806273225,0.0988541212262713
"15","S121","S136",0.648621681430956,0.272361472547872,0.107598791147554
"16","S121","S137",0.711157579417837,0.240262315561862,0.0843556314006161
"17","S121","S138",0.710606905870813,0.27009955345018,0.0771716587020485
"18","S121","S139",0.697331592615957,0.266340205997109,0.0847491521927446
"19","S121","S140",0.747156940423918,0.252843059576082,0.0632107648940205
"20","S121","P21213_121_S141",0.697756784349505,0.218696617756034,0.0964474533862391
"21","S121","S142",0.701446908320761,0.193288485504471,0.100954424463502
"22","S121","S143",0.680226044151748,0.266691473353357,0.0932141095857865
"23","S121","S144",0.621410643613449,0.317889104186884,0.109822402146555
"24","S121","S145",0.613563332709806,0.33114712326335,0.110431552829259
"25","S121","S146",0.639100914356592,0.317771951531931,0.101006554938721
"26","S121","S147",0.694692081577832,0.266073656487154,0.0861355450892951
"27","S121","S148",0.64037342590615,0.289823742329247,0.107357351464613
"28","S121","S149",0.675548501021631,0.280995077732399,0.0919769800560847
"29","S121","S151",0.911029984506347,0,0.0444850077468266
"30","S121","S152",0.880137210274786,0,0.059931394862607
"31","S121","S153",0.856774475544296,0,0.0716127622278522
"32","S121","S154",0.880459588360991,0,0.0597702058195044
"33","S121","S155",0.90529690395729,0,0.0473515480213552
"34","S121","S156",0.852394403812999,0,0.0738027980935007
"35","S121","S157",0.869873054064646,0,0.0650634729676768
"36","S121","S158",0.870590556455756,0,0.064704721772122
"37","S121","S159",0.878952170320246,0,0.060523914839877
"38","S122","S123",0.259287482085205,0.642303057268482,0.209780494640277
"39","S122","S124",0.281748783976565,0.606815702926553,0.207421682280079
"40","S122","S125",0.322926075126608,0.527341250582565,0.206701649791055
"41","S122","S126",0.445455188055402,0.509198053054178,0.149972892708754
"42","S122","S127",0.47761661124602,0.438954567233932,0.151453052568507
"43","S122","S128",0.456079329968778,0.45754195708463,0.157574845744454
"44","S122","S129",0.457903517126708,0.488229807227674,0.148990789629727
"45","S122","S130",0.438040093553317,0.501064154693617,0.155713914549937
"46","S122","S131",0.714723752323938,0.225206622431607,0.0863364682301293
"47","S122","S132",0.723977119483604,0.255304089515074,0.0741854178794296
"48","S122","S133",0.684001134097013,0.267450204213856,0.0911368818980293
"49","S122","S134",0.628441008858329,0.348730151141887,0.0985969577853638
"50","S122","S135",0.651804197434857,0.309112878830887,0.0968196815748498
"51","S122","S136",0.582010605723395,0.392187013143185,0.110947943852506
"52","S122","S137",0.689645037385989,0.285244322957075,0.0838664005677369
"53","S122","S138",0.639325601000027,0.360674398999973,0.0901685997499932
"54","S122","S139",0.646935034830345,0.350297533262669,0.08895809926916
"55","S122","S140",0.70797826552287,0.29202173447713,0.0730054336192826
"56","S122","P21213_121_S141",0.660067255022146,0.270277293633995,0.102397049080428
"57","S122","S142",0.667404002908751,0.279763377878694,0.0963571540759511
"58","S122","S143",0.634436176927391,0.341260781192403,0.0974667162382037
"59","S122","S144",0.615133982797757,0.334772390512306,0.108739910973045
"60","S122","S145",0.581182438267791,0.395342200595435,0.110573230717246
"61","S122","S146",0.609438888748482,0.370673694791969,0.102612131927767
"62","S122","S147",0.649759551822151,0.341820157139817,0.08966518480397
"63","S122","S148",0.610737625303291,0.355296803036531,0.105806986589222
"64","S122","S149",0.634262568078626,0.360746335892338,0.0926821319876025
"65","S122","S151",0.86931683926073,0.0783491508336317,0.045754292661227
"66","S122","S152",0.893805824854976,0.02112414706447,0.0478160508063947
"67","S122","S153",0.864745614386657,0,0.0676271928066715
"68","S122","S154",0.896113607259415,0.0163917958171827,0.0478452474159968
"69","S122","S155",0.907202105966719,0.00521342248122054,0.0450955913963352
"70","S122","S156",0.870862971354742,0,0.064568514322629
"71","S122","S157",0.871487485941766,0.0298558469823842,0.0567922952835207
"72","S122","S158",0.879778483141338,0,0.0601107584293308
"73","S122","S159",0.89424439632682,0,0.0528778018365901
"74","S123","S124",0.261887992680615,0.646956360755207,0.207316913470891
"75","S123","S125",0.28778198025626,0.572908409477358,0.21288190750253
"76","S123","S126",0.451655653458059,0.483324733206204,0.15334098996942
"77","S123","S127",0.470317944021042,0.456958449622089,0.150601415583957
"78","S123","S128",0.465872567304267,0.453684945691107,0.15364247992509
"79","S123","S129",0.441613795206775,0.513921198290455,0.150712802823999
"80","S123","S130",0.475713560969658,0.461013703136064,0.146889793731155
"81","S123","S131",0.711856530588507,0.208714476887515,0.0918931154838679
"82","S123","S132",0.685625584290393,0.296487676371628,0.0830652887618963
"83","S123","S133",0.710082944379503,0.215266016367159,0.091142023718459
"84","S123","S134",0.632810358906685,0.322389316623949,0.10299749139067
"85","S123","S135",0.627291450112455,0.343391071331447,0.100506507110911
"86","S123","S136",0.628721924373069,0.327827099469938,0.103682262945981
"87","S123","S137",0.711153076427068,0.244741020509322,0.0832382066591354
"88","S123","S138",0.662955493407505,0.337044506592495,0.0842611266481238
"89","S123","S139",0.650895542293941,0.349104457706059,0.0872761144265147
"90","S123","S140",0.719359781473572,0.280640218526428,0.0701600546316071
"91","S123","P21213_121_S141",0.656321439028176,0.306640926910097,0.0951790487583878
"92","S123","S142",0.663660884679788,0.270194018103234,0.100621053134297
"93","S123","S143",0.66038894350242,0.297948786735015,0.095318331565036
"94","S123","S144",0.616797646128485,0.3552242438063,0.102795115984182
"95","S123","S145",0.590049900145742,0.391441096067499,0.107114775910254
"96","S123","S146",0.598810400785444,0.401189599214556,0.100297399803639
"97","S123","S147",0.675745942865877,0.312307083947442,0.0840502575802008
"98","S123","S148",0.609704715193626,0.369670852864651,0.102729929187024
"99","S123","S149",0.653012541929586,0.333520857193531,0.0901135147368241
"100","S123","S151",0.884437358644996,0.0629171137766092,0.0420520422333498
"101","S123","S152",0.891087613668747,0,0.0544561931656263
"102","S123","S153",0.863544906969819,0,0.0682275465150905
"103","S123","S154",0.90073779460113,0,0.0496311026994352
"104","S123","S155",0.908708227883019,0,0.0456458860584905
"105","S123","S156",0.872047281463865,0,0.0639763592680676
"106","S123","S157",0.891837834390827,0,0.0540810828045865
"107","S123","S158",0.893914376211761,0,0.0530428118941196
"108","S123","S159",0.896784261281142,0,0.0516078693594291
"109","S124","S125",0.30391983648213,0.534033955640028,0.214531592848928
"110","S124","S126",0.465074977502678,0.457439802653145,0.153102560585375
"111","S124","S127",0.447762722699687,0.481091630066434,0.155845731133548
"112","S124","S128",0.463997674776024,0.440337289459266,0.157916840247171
"113","S124","S129",0.47301575249535,0.465565769663589,0.147100681336428
"114","S124","S130",0.454955698164743,0.479862906422971,0.152556424311886
"115","S124","S131",0.707223079978121,0.239741013356756,0.0864532066717507
"116","S124","S132",0.722787667233184,0.24525446618418,0.0772925498373629
"117","S124","S133",0.6982083487161,0.23484274051064,0.0921851405142898
"118","S124","S134",0.657041129185562,0.297339082466109,0.0971446647906915
"119","S124","S135",0.656065868610484,0.301493529350719,0.0965936833570786
"120","S124","S136",0.627717990111491,0.328391700846803,0.104043079732554
"121","S124","S137",0.731789557146691,0.220968388092386,0.0788631244035581
"122","S124","S138",0.670762491266065,0.329120117634089,0.0823387249584454
"123","S124","S139",0.682763922512459,0.307789237023496,0.0816707294878965
"124","S124","S140",0.738630345390551,0.261369654609449,0.0653424136523622
"125","S124","P21213_121_S141",0.676017050371886,0.261579651529693,0.0965965619316338
"126","S124","S142",0.694122132377829,0.234480433930889,0.0943188253283633
"127","S124","S143",0.67017574127562,0.299711429748103,0.0899842719251644
"128","S124","S144",0.645463635889616,0.300836042466388,0.102059171438595
"129","S124","S145",0.606140795914748,0.356133150557124,0.107896314403345
"130","S124","S146",0.60920536169455,0.38369968946124,0.099472396787415
"131","S124","S147",0.664824691579709,0.32711581786078,0.0858086997449506
"132","S124","S148",0.625788865459804,0.329988461895893,0.104608451796125
"133","S124","S149",0.678985609667114,0.295478057278168,0.0866376808469008
"134","S124","S151",0.890595518713373,0.0491171717351838,0.0424229477095177
"135","S124","S152",0.898032667015099,0,0.0509836664924504
"136","S124","S153",0.858018943506909,0,0.0709905282465454
"137","S124","S154",0.90566346578262,0.00604822309401368,0.0456562113351866
"138","S124","S155",0.904648880524733,0,0.0476755597376336
"139","S124","S156",0.865315043419663,0,0.0673424782901684
"140","S124","S157",0.875648974545303,0.0281067313485612,0.0551488298902084
"141","S124","S158",0.889241644650041,0,0.0553791776749797
"142","S124","S159",0.897950040221842,0,0.0510249798890792
"143","S125","S126",0.50070137206879,0.390259958418152,0.152084324361067
"144","S125","S127",0.515729283897061,0.351765683737315,0.154193937117141
"145","S125","S128",0.477146670336299,0.385419660206714,0.165071749780172
"146","S125","S129",0.506827557816986,0.378562670605231,0.151945553440199
"147","S125","S130",0.491470240926293,0.379550576535011,0.159377235403101
"148","S125","S131",0.754554895387069,0.138308749998531,0.088145364806833
"149","S125","S132",0.740438639179409,0.213169264936739,0.076488364176111
"150","S125","S133",0.747416597556415,0.148824684441284,0.0890855301114716
"151","S125","S134",0.699804305160043,0.218437563860699,0.0954884564548039
"152","S125","S135",0.683553343464564,0.24130745360088,0.097896464867498
"153","S125","S136",0.652470084857203,0.256148851368997,0.109727744729149
"154","S125","S137",0.766433512036256,0.15470836438405,0.0781061528858595
"155","S125","S138",0.739748104973629,0.233792007419641,0.0716779456582751
"156","S125","S139",0.70480955147203,0.279414241612406,0.0777416638608838
"157","S125","S140",0.759183079971444,0.240816920028556,0.0602042300071389
"158","S125","P21213_121_S141",0.68453131802604,0.21690853498567,0.103507207240562
"159","S125","S142",0.698121347714314,0.184705422425775,0.104762970536399
"160","S125","S143",0.715544510173711,0.201399462534225,0.0918778792795881
"161","S125","S144",0.648598427842577,0.258548909330245,0.11106355874615
"162","S125","S145",0.620088888551328,0.298629003933195,0.115298304741037
"163","S125","S146",0.649237056566452,0.285458219215402,0.104016916912923
"164","S125","S147",0.707561250452448,0.237592193933546,0.0868213262903895
"165","S125","S148",0.65679112635671,0.24882398509365,0.109398440548233
"166","S125","S149",0.714450241156965,0.226071289642667,0.0862570570108507
"167","S125","S151",0.890832308777424,0,0.0545838456112882
"168","S125","S152",0.873533531701477,0,0.0632332341492614
"169","S125","S153",0.836539745160579,0,0.0817301274197106
"170","S125","S154",0.868685954050226,0,0.0656570229748871
"171","S125","S155",0.871762728345665,0,0.0641186358271675
"172","S125","S156",1,0,0
"173","S125","S157",0.856892617546365,0,0.0715536912268174
"174","S125","S158",0.857570552048727,0,0.0712147239756365
"175","S125","S159",0.858774954586408,0,0.0706125227067959
"176","S126","S127",0.280449346384327,0.645019365402633,0.198520485457178
"177","S126","S128",0.310146176019384,0.595708230257391,0.195999854425961
"178","S126","S129",0.338032869023649,0.577276079994771,0.186664545489483
"179","S126","S130",0.314606638572162,0.602000223444201,0.192196624852869
"180","S126","S131",0.688969356195154,0.246825861970601,0.0938088564097726
"181","S126","S132",0.672597493340342,0.321294606265863,0.0833776017633632
"182","S126","S133",0.663658015881014,0.281782309395875,0.097725414710524
"183","S126","S134",0.63433495930877,0.297682441933856,0.108411909862151
"184","S126","S135",0.629722579430794,0.344089701822118,0.0991162848290735
"185","S126","S136",0.59063161217349,0.373922188396403,0.111203646814154
"186","S126","S137",0.68197424164016,0.285273829649765,0.0876944217674787
"187","S126","S138",0.641593328483642,0.358406671516359,0.0896016678790896
"188","S126","S139",0.652821014957941,0.33828916745992,0.0890172006560497
"189","S126","S140",0.697875353498263,0.302124646501737,0.0755311616254343
"190","S126","P21213_121_S141",0.657833823168685,0.308309560962499,0.0940056981750327
"191","S126","S142",0.638202038246386,0.307090618826504,0.104126326170181
"192","S126","S143",0.660099917212797,0.31688366873462,0.0907291242099464
"193","S126","S144",0.60124948756265,0.36488679252464,0.108153558087515
"194","S126","S145",0.598782456688803,0.359625842165842,0.110702311114138
"195","S126","S146",0.618934420006238,0.358402400127931,0.100932189964898
"196","S126","S147",0.673648574753795,0.309521096766176,0.0857954384315582
"197","S126","S148",0.592359356625871,0.365891906925126,0.112347344955783
"198","S126","S149",0.631281640918782,0.368718359081218,0.0921795897703044
"199","S126","S151",0.835436131960686,0.113839835071066,0.0538219752518904
"200","S126","S152",0.827554287232532,0.111263020262757,0.0584071013180447
"201","S126","S153",0.842869259464122,0.0385076837889299,0.0689384493207068
"202","S126","S154",0.851468470675912,0.0746382015544882,0.0556062142734221
"203","S126","S155",0.871494037008607,0.0587121812844378,0.0495749361745871
"204","S126","S156",0.867493703908745,0,0.0662531480456273
"205","S126","S157",0.819685370625857,0.0946951511222928,0.0664835269064983
"206","S126","S158",0.842292972402974,0.065111163654486,0.0625757228848915
"207","S126","S159",0.87735105770043,0.0310851310075755,0.0535531883978913
"208","S127","S128",0.355818744802756,0.531747808247787,0.189153675536675
"209","S127","S129",0.330677918425156,0.599461268167492,0.184795723745549
"210","S127","S130",0.344998643522163,0.564882279422982,0.186280108383173
"211","S127","S131",0.710289592665839,0.214727086711117,0.091173431989301
"212","S127","S132",0.683164521701842,0.293025586354224,0.0851613425605229
"213","S127","S133",0.688633781375994,0.256974990988355,0.0914393615649141
"214","S127","S134",0.651133582282078,0.31602828340751,0.0954261380070836
"215","S127","S135",0.61768912330574,0.363304814736275,0.100329234663061
"216","S127","S136",0.613738259098554,0.342981531735671,0.107385487516805
"217","S127","S137",0.694260511938182,0.287459314203114,0.0810049154801302
"218","S127","S138",0.634053320998572,0.365946679001428,0.0914866697503569
"219","S127","S139",0.653400140899214,0.332261843816154,0.0902344685963544
"220","S127","S140",0.665400361779694,0.334599638220306,0.0836499095550765
"221","S127","P21213_121_S141",0.655710940863179,0.286443548062445,0.100533642552799
"222","S127","S142",0.63159907915646,0.313449721436578,0.105838030062625
"223","S127","S143",0.626516648813706,0.337038212720349,0.10248212241306
"224","S127","S144",0.59915721772686,0.356840739027066,0.111211206379804
"225","S127","S145",0.60477827377807,0.346530903035746,0.110978137352028
"226","S127","S146",0.585360395117948,0.384953401371223,0.11108145209822
"227","S127","S147",0.655313465606835,0.321732098558737,0.0919102425568983
"228","S127","S148",0.589372682683695,0.362843421054348,0.114602803394565
"229","S127","S149",0.646115273174491,0.331124389918543,0.0941612659331187
"230","S127","S151",0.861119082183053,0.0789823196544428,0.0496948789948627
"231","S127","S152",0.889182957455295,0.0154733057571242,0.0515401948330714
"232","S127","S153",0.859097761785628,0,0.0704511191071858
"233","S127","S154",0.881604637201236,0.0193922481012931,0.0543496193740587
"234","S127","S155",0.881863005111756,0.025606789123222,0.0526668001633164
"235","S127","S156",0.872245927460528,0,0.0638770362697358
"236","S127","S157",0.847130633594945,0.0670970894535731,0.0596604108391344
"237","S127","S158",0.871528580801654,0.0221298189032717,0.0587032548733552
"238","S127","S159",0.88859975918849,0.0171487825676846,0.0514129247638338
"239","S128","S129",0.328018035248166,0.581989369751992,0.190493639937919
"240","S128","S130",0.289327363198201,0.614664758894211,0.201670128677347
"241","S128","S131",0.69682818725367,0.199325139536722,0.101754621488984
"242","S128","S132",0.682331474818514,0.288227407530299,0.0867774107081681
"243","S128","S133",0.665210230885178,0.282128110295846,0.0968628569834494
"244","S128","S134",0.631389570912216,0.310745454171248,0.10661885100108
"245","S128","S135",0.631284420255398,0.339165883767304,0.0995663189304747
"246","S128","S136",0.603005366729367,0.341993562880043,0.112998925915306
"247","S128","S137",0.697943622538165,0.2686040396433,0.0838771788200925
"248","S128","S138",0.674831646725264,0.31141873343884,0.0847294932776582
"249","S128","S139",0.650767772293635,0.339566407103957,0.0897245120771932
"250","S128","S140",0.711291409954841,0.288708590045159,0.0721771475112899
"251","S128","P21213_121_S141",0.644987928180697,0.303507784092444,0.10162908988654
"252","S128","S142",0.657725558574792,0.254963394076168,0.107396372193562
"253","S128","S143",0.659847226661529,0.294668594352198,0.0964092380811861
"254","S128","S144",0.58574693353644,0.359392390647605,0.117278435569879
"255","S128","S145",0.580578727900556,0.352104943581226,0.121684400154415
"256","S128","S146",0.612402523667934,0.364106525831816,0.102772106708079
"257","S128","S147",0.662587277072268,0.325603912359887,0.0873053833738941
"258","S128","S148",0.607407756279453,0.34009039679558,0.111273522661379
"259","S128","S149",0.658768123144129,0.321002360641828,0.0903653482674784
"260","S128","S151",0.874712005636063,0.0644871141286044,0.0465222186498175
"261","S128","S152",0.885930150512745,0,0.0570349247436275
"262","S128","S153",0.864303578278846,0,0.0678482108605769
"263","S128","S154",0.866421817196629,0.0491097252536171,0.054511660088281
"264","S128","S155",0.904458531422743,0.0113404253980775,0.044935627939109
"265","S128","S156",0.8578658231742,0,0.0710670884128999
"266","S128","S157",0.880121152050638,0,0.0599394239746811
"267","S128","S158",0.875975993689508,0,0.0620120031552461
"268","S128","S159",0.887079273220386,0,0.0564603633898072
"269","S129","S130",0.304619060723174,0.623594541876988,0.191791834169166
"270","S129","S131",0.695963774639525,0.251268835008769,0.0892009039280451
"271","S129","S132",0.695089786764298,0.284110044792606,0.0814275954196993
"272","S129","S133",0.691458977409121,0.27211247975687,0.0862423913562218
"273","S129","S134",0.61971444694652,0.360543959503166,0.100006786650948
"274","S129","S135",0.62590774864732,0.339009061440922,0.10229386031611
"275","S129","S136",0.616539242108171,0.351821587325539,0.103774982114529
"276","S129","S137",0.679044416396856,0.284161725965604,0.0894373603101712
"277","S129","S138",0.653215144001,0.33984752879681,0.0884305458002976
"278","S129","S139",0.639085388449112,0.345433943156367,0.0940988199863523
"279","S129","S140",0.70217051046664,0.29782948953336,0.07445737238334
"280","S129","P21213_121_S141",0.658517435239195,0.283962061639589,0.0997507669705049
"281","S129","S142",0.630804072647989,0.332830707392644,0.101390286827845
"282","S129","S143",0.655388195527234,0.306710896662291,0.0956281780708105
"283","S129","S144",0.600153890293763,0.33892125916792,0.115192740061139
"284","S129","S145",0.584205582134657,0.376971362335895,0.113654368348698
"285","S129","S146",0.596248290343439,0.388403390931307,0.104775007095453
"286","S129","S147",0.655421135270936,0.324994138251293,0.0910408978017089
"287","S129","S148",0.615528190546827,0.342309849837084,0.106658442267316
"288","S129","S149",0.655209029809484,0.310673878273276,0.0947270155269387
"289","S129","S151",0.889159232881264,0.0247174044677874,0.0492410324424212
"290","S129","S152",0.898321079653582,0.00575778092173403,0.0494000149427757
"291","S129","S153",0.865254555845712,0,0.0673727220771442
"292","S129","S154",0.894332826941512,0.000467475440652073,0.0527167176690808
"293","S129","S155",0.906308066114138,0.00841640878541059,0.0447418647465785
"294","S129","S156",0.862226145075782,0,0.0688869274621089
"295","S129","S157",0.880513411531568,0.0115769094623784,0.0568490668686215
"296","S129","S158",0.884476749334055,0,0.0577616253329725
"297","S129","S159",0.891190666598897,0,0.0544046667005516
"298","S130","S131",0.672383413641741,0.270390195807868,0.0962107442271623
"299","S130","S132",0.674988350564453,0.297277047495806,0.0881865628438221
"300","S130","S133",0.647062713208939,0.31417676932659,0.0979244510638828
"301","S130","S134",0.60790479673638,0.366159531538594,0.104507718747162
"302","S130","S135",0.613180443573581,0.355912411560303,0.104431675323133
"303","S130","S136",0.569642695028424,0.377822332658267,0.120723069321222
"304","S130","S137",0.671719586225904,0.305814793663951,0.0876865084710603
"305","S130","S138",0.627003013997389,0.372996986002611,0.0932492465006528
"306","S130","S139",0.598303721816809,0.401696278183191,0.100424069545798
"307","S130","S140",0.665660496587998,0.334339503412002,0.0835848758530005
"308","S130","P21213_121_S141",0.620631754726466,0.336183532226841,0.105638239580057
"309","S130","S142",0.606442928066303,0.348086563619386,0.109756895062002
"310","S130","S143",0.631909905474943,0.34244078254491,0.0984348516263013
"311","S130","S144",0.56502232376341,0.411796996526575,0.114539588986651
"312","S130","S145",0.547265926791745,0.422948443575515,0.120629925710249
"313","S130","S146",0.59345293514262,0.377540285967678,0.10888846093677
"314","S130","S147",0.638210504279184,0.359146672317463,0.0911080797810423
"315","S130","S148",0.579489909041134,0.403509581669487,0.109377650062062
"316","S130","S149",0.637889719089251,0.362110280910749,0.0905275702276873
"317","S130","S151",0.827826076915788,0.135777253518575,0.0521426481624623
"318","S130","S152",0.869403356783893,0.0644782049238513,0.0491787703770905
"319","S130","S153",0.86131572993548,0.0285690749335572,0.0621998662988705
"320","S130","S154",0.851049532547982,0.0589217334051095,0.0597448003747315
"321","S130","S155",0.846768456949145,0.0833031382881812,0.055789986953382
"322","S130","S156",0.873805038404229,0,0.0630974807978855
"323","S130","S157",0.839045611641228,0.0819188540716424,0.0599974806614753
"324","S130","S158",0.850863470122852,0.0678426664538862,0.0576075983251027
"325","S130","S159",0.883208860750542,0.0459667718532666,0.0469038766614124
"326","S131","S132",0.562192212021183,0.400846154702649,0.118692355313746
"327","S131","S133",0.448483529789837,0.467482431767035,0.158887627163323
"328","S131","S134",0.493068917742464,0.431798648624415,0.145515878972664
"329","S131","S135",0.475576641280187,0.493052638261594,0.138948519794508
"330","S131","S136",0.46014468590279,0.478238549421857,0.150368019693141
"331","S131","S137",0.547985068796495,0.3966759951006,0.126838466826602
"332","S131","S138",0.478979377690325,0.521020622309675,0.130255155577419
"333","S131","S139",0.468071825680671,0.516438930755187,0.136854354470868
"334","S131","S140",0.546916363989754,0.453083636010246,0.113270909002561
"335","S131","P21213_121_S141",0.464434903532875,0.494902348793359,0.144056961035223
"336","S131","S142",0.447653923713159,0.502271151273354,0.150605250325082
"337","S131","S143",0.446972255985061,0.526856289319122,0.144799799677689
"338","S131","S144",0.380804124721751,0.58715334933108,0.162809600306354
"339","S131","S145",0.338522370334649,0.619395440492124,0.175889954709644
"340","S131","S146",0.342340070828494,0.640674167662654,0.168661422670089
"341","S131","S147",0.406919568543526,0.566072928569734,0.155021983585804
"342","S131","S148",0.361913756872937,0.61533559513658,0.165209222779386
"343","S131","S149",0.445946802520845,0.5344446321551,0.143415440700803
"344","S131","S151",0.932370099166923,0,0.0338149504165386
"345","S131","S152",1,0,0
"346","S131","S153",0.86027544274457,0,0.0698622786277148
"347","S131","S154",0.891649874658236,0,0.0541750626708819
"348","S131","S155",0.907777503505315,0,0.0461112482473427
"349","S131","S156",0.865930230329202,0,0.0670348848353992
"350","S131","S157",0.892863275021451,0,0.0535683624892745
"351","S131","S158",0.882445849016458,0,0.058777075491771
"352","S131","S159",0.896025880822205,0,0.0519870595888975
"353","S132","S133",0.495316116103525,0.488627690479882,0.130185019328267
"354","S132","S134",0.489034018334328,0.506963528952151,0.128742108594798
"355","S132","S135",0.355617487150306,0.586831718410852,0.175483326822134
"356","S132","S136",0.516864162765565,0.454932474940912,0.12783479988199
"357","S132","S137",0.604482667730878,0.393083167025808,0.099487874378109
"358","S132","S138",0.476566876673712,0.523433123326288,0.130858280831572
"359","S132","S139",0.542243849127015,0.455812736308882,0.114924891359272
"360","S132","S140",0.619570137295989,0.380429862704011,0.0951074656760027
"361","S132","P21213_121_S141",0.519335345760223,0.466824022184154,0.12362632157385
"362","S132","S142",0.514190318195801,0.467526880595383,0.126023120753254
"363","S132","S143",0.497868785762346,0.502131214237654,0.125532803559414
"364","S132","S144",0.491243934352027,0.508756065647973,0.127189016411993
"365","S132","S145",0.453423498171568,0.532112468905011,0.140260133687963
"366","S132","S146",0.469819015273836,0.530180984726164,0.132545246181541
"367","S132","S147",0.48042595872696,0.51957404127304,0.12989351031826
"368","S132","S148",0.417505731417052,0.582494268582948,0.145623567145737
"369","S132","S149",0.503915360347452,0.496084639652548,0.124021159913137
"370","S132","S151",0.931708297710377,0.0234910723128576,0.0282730830665969
"371","S132","S152",0.941008244008254,0,0.0294958779958728
"372","S132","S153",0.916821715877949,0,0.0415891420610254
"373","S132","S154",0.94106402567558,0,0.0294679871622102
"374","S132","S155",0.925556230556405,0,0.0372218847217977
"375","S132","S156",0.90013901198632,0,0.0499304940068401
"376","S132","S157",0.92862120326044,0,0.0356893983697802
"377","S132","S158",0.925198684809774,0,0.0374006575951132
"378","S132","S159",0.948283577825779,0,0.0258582110871105
"379","S133","S134",0.467449657918026,0.486782054162924,0.144579657500256
"380","S133","S135",0.448994643282461,0.520561370067848,0.145362335841808
"381","S133","S136",0.38290459175989,0.556957029279988,0.169308446800058
"382","S133","S137",0.428085023736754,0.531766719940748,0.153015808146436
"383","S133","S138",0.330700502010467,0.669299497989533,0.167324874497383
"384","S133","S139",0.498400877193238,0.501599122806762,0.125399780701691
"385","S133","S140",0.457589231395148,0.542410768604852,0.135602692151213
"386","S133","P21213_121_S141",0.437905487966871,0.517421394956147,0.151691907277528
"387","S133","S142",0.419325557163335,0.543478286865516,0.154467649701953
"388","S133","S143",0.390599813161578,0.582615539490649,0.159046208546549
"389","S133","S144",0.374077918409748,0.612386528096005,0.159864408771125
"390","S133","S145",0.367894481771934,0.596956876564431,0.166813539972926
"391","S133","S146",0.392537688896701,0.600570294417825,0.153588581947193
"392","S133","S147",0.436027772489492,0.563972227510508,0.140993056877627
"393","S133","S148",0.39221399096743,0.588037364317688,0.156883663436863
"394","S133","S149",0.378741493519509,0.609009693911824,0.15837682976229
"395","S133","S151",0.896966109829287,0.0506726117529879,0.0388487921471093
"396","S133","S152",0.927534502373121,0,0.0362327488134395
"397","S133","S153",0.879659840449916,0,0.0601700797750418
"398","S133","S154",0.917334297967633,0,0.0413328510161835
"399","S133","S155",0.920549710401918,0.00785236910776029,0.0377620525221009
"400","S133","S156",0.880882597975077,0,0.0595587010124616
"401","S133","S157",0.907233997837752,0.00251364454370335,0.0457545899451984
"402","S133","S158",0.918766649893632,0,0.0406166750531838
"403","S133","S159",0.922518382460677,0,0.0387408087696615
"404","S134","S135",0.453766658106906,0.503050714581552,0.147353992301159
"405","S134","S136",0.38969956665152,0.54167109499172,0.16973244292631
"406","S134","S137",0.461851124975987,0.522334997427705,0.13849068815508
"407","S134","S138",0.478736786837741,0.521263213162259,0.130315803290565
"408","S134","S139",0.283674155819053,0.686530698677102,0.186530247421198
"409","S134","S140",0.495109996456703,0.504890003543297,0.126222500885824
"410","S134","P21213_121_S141",0.449015240188591,0.506288127488786,0.148920348033508
"411","S134","S142",0.450299849434355,0.49078295033225,0.15215433769976
"412","S134","S143",0.428896932714453,0.555912673670113,0.146573365225245
"413","S134","S144",0.411506428608507,0.553613005330496,0.155843534363122
"414","S134","S145",0.394549130413247,0.583661737959199,0.156810000303577
"415","S134","S146",0.435347415537155,0.548042456374382,0.145315678137827
"416","S134","S147",0.483648831850341,0.516309442209184,0.129098223522534
"417","S134","S148",0.39086026930902,0.583642325764839,0.15865928390428
"418","S134","S149",0.425577659654656,0.574422340345344,0.143605585086336
"419","S134","S151",0.8713159028331,0.107441959593748,0.0374815586850128
"420","S134","S152",0.927377579290057,0.00123668718747818,0.0360020385581019
"421","S134","S153",0.906005662506615,0,0.0469971687466925
"422","S134","S154",0.912557469607378,0.00843047197242167,0.0416136472032056
"423","S134","S155",0.936310078082841,0.00107789031447172,0.0315754883799615
"424","S134","S156",0.895395983240718,0,0.0523020083796411
"425","S134","S157",0.875287001202627,0.0674015042212487,0.0455061233433743
"426","S134","S158",0.899748392348626,0.0196223789650478,0.045220209084425
"427","S134","S159",0.913554989517623,0,0.0432225052411886
"428","S135","S136",0.469675608670016,0.478111977165539,0.145634201373607
"429","S135","S137",0.554484591546885,0.445515408453116,0.111378852113279
"430","S135","S138",0.419281491615794,0.580718508384206,0.145179627096052
"431","S135","S139",0.447570206265545,0.552429793734455,0.138107448433614
"432","S135","S140",0.544410249615176,0.455589750384824,0.113897437596206
"433","S135","P21213_121_S141",0.496526743198298,0.479600522721955,0.131836497720362
"434","S135","S142",0.477920051608821,0.490756601288682,0.138350823873419
"435","S135","S143",0.496199740239164,0.493671458597357,0.128482265231079
"436","S135","S144",0.425549336654893,0.565321352086862,0.145894993650838
"437","S135","S145",0.404066363653345,0.579388768577344,0.153119626028992
"438","S135","S146",0.436967649898131,0.563032350101869,0.140758087525467
"439","S135","S147",0.454175284941868,0.545824715058132,0.136456178764533
"440","S135","S148",0.386479219349522,0.613520780650478,0.153380195162619
"441","S135","S149",0.458431405390302,0.541568594609698,0.135392148652424
"442","S135","S151",0.815520141304025,0.167322088755479,0.0504094071591177
"443","S135","S152",0.872600920867141,0.0874006820180084,0.0418493690619275
"444","S135","S153",0.887917668836303,0.0235711337238659,0.0501483821508822
"445","S135","S154",0.863198052806705,0.0867878690285307,0.0467040063395148
"446","S135","S155",0.881496554704014,0.0795230804623881,0.0393709525323959
"447","S135","S156",0.907445027506106,0.00228566961783613,0.0457060688424879
"448","S135","S157",0.864669910323009,0.0853470048401052,0.0463282936284692
"449","S135","S158",0.870222924067684,0.0645578823068889,0.0487490673894359
"450","S135","S159",0.8792407782031,0.0661472966090529,0.0438427867461868
"451","S136","S137",0.244746354699215,0.737202558047621,0.193326183138487
"452","S136","S138",0.347845009516811,0.652154990483189,0.163038747620797
"453","S136","S139",0.396296854871763,0.602413184080982,0.151248276543873
"454","S136","S140",0.376521345304348,0.623478654695652,0.155869663673913
"455","S136","P21213_121_S141",0.370288481350334,0.576630672167349,0.170698091282996
"456","S136","S142",0.379761796685616,0.546715272714565,0.173440283478551
"457","S136","S143",0.338532753318951,0.61934462074405,0.175897468154512
"458","S136","S144",0.344608732031832,0.599926670191306,0.177713966436258
"459","S136","S145",0.288034102672298,0.657506157034041,0.191606409405341
"460","S136","S146",0.320990713641107,0.679009286358893,0.169752321589723
"461","S136","S147",0.427375951504803,0.554303023938543,0.147736268262963
"462","S136","S148",0.354564331502684,0.592382958896587,0.174622094524511
"463","S136","S149",0.314137193226975,0.666767610134928,0.17623950085278
"464","S136","S151",0.809359305910336,0.188339086975491,0.0482355753009593
"465","S136","S152",0.868130548730489,0.0868825140023789,0.0442140971341606
"466","S136","S153",0.858231739369115,0.0560085622804148,0.0568819897453386
"467","S136","S154",0.879452274584997,0.0629337720781486,0.0445404196879645
"468","S136","S155",0.86258276743076,0.0897697817280487,0.0462661708526078
"469","S136","S156",0.891203101714915,0.00963912938547231,0.0519886667961743
"470","S136","S157",0.849421539791852,0.0887036594316292,0.0531133152461668
"471","S136","S158",0.867560223175646,0.0545771118883707,0.0525756104400842
"472","S136","S159",0.867560223175646,0.0728117662553419,0.0480169468483414
"473","S137","S138",0.411916734666263,0.568714320272213,0.151863052598815
"474","S137","S139",0.443187713270469,0.547460714799355,0.141540964664927
"475","S137","S140",0.396465918559541,0.603534081440459,0.150883520360115
"476","S137","P21213_121_S141",0.396275093471792,0.556994488557792,0.162613831124656
"477","S137","S142",0.39311374442214,0.564130912335443,0.162410399705069
"478","S137","S143",0.385189155000461,0.582677861561546,0.161735957109383
"479","S137","S144",0.413783309749592,0.540497023291972,0.157984089302211
"480","S137","S145",0.389592670786189,0.585173886966631,0.158910192865248
"481","S137","S146",0.385316021934094,0.600984182223398,0.157095943477103
"482","S137","S147",0.477883381575279,0.469556699798244,0.1436691342628
"483","S137","S148",0.374179366823826,0.593203646379456,0.164609404993223
"484","S137","S149",0.368850468406368,0.590282146620136,0.168004229141782
"485","S137","S151",0.908442000729031,0.0210931828609688,0.0405057039202424
"486","S137","S152",0.900850398039721,0,0.0495748009801394
"487","S137","S153",0.876973214579926,0,0.061513392710037
"488","S137","S154",0.906781614114279,0,0.0466091929428603
"489","S137","S155",0.91194629809695,0,0.0440268509515248
"490","S137","S156",0.890594859429197,0,0.0547025702854015
"491","S137","S157",0.891413966065211,0,0.0542930169673945
"492","S137","S158",0.902231055225213,0,0.0488844723873935
"493","S137","S159",0.896243173459767,0,0.0518784132701163
"494","S138","S139",0.451957356671553,0.548042643328447,0.137010660832112
"495","S138","S140",0.433953727660869,0.551205143455162,0.145221850305775
"496","S138","P21213_121_S141",0.394664785990985,0.593752398758638,0.154229507314848
"497","S138","S142",0.417664118888087,0.565791467585383,0.149720073659611
"498","S138","S143",0.361913756872937,0.612457131000659,0.165928838813367
"499","S138","S144",0.37960058986302,0.62039941013698,0.155099852534245
"500","S138","S145",0.354477098654583,0.645522901345417,0.161380725336354
"501","S138","S146",0.358859278713628,0.641140721286371,0.160285180321593
"502","S138","S147",0.408382085127107,0.591617914872893,0.147904478718223
"503","S138","S148",0.362261700280907,0.637738299719093,0.159434574929773
"504","S138","S149",0.350987069106003,0.640376226369736,0.164412408854564
"505","S138","S151",0.890821943127357,0.0655478510346325,0.0382020656776633
"506","S138","S152",0.88467179447455,0.0692135118592602,0.0403607247979097
"507","S138","S153",0.924330048880182,0.00675989584355203,0.0361450015990209
"508","S138","S154",0.907743889629557,0.0523945583275035,0.0330294156033455
"509","S138","S155",0.917976511174331,0.0308336105535731,0.0333033417744411
"510","S138","S156",0.934417854572977,0,0.0327910727135117
"511","S138","S157",0.920023002991472,0.0215346664422481,0.0346048318937017
"512","S138","S158",0.909348890016364,0.0321883155045908,0.0372784761156705
"513","S138","S159",0.911153153687031,0.017070986545064,0.0401556765202185
"514","S139","S140",0.487465099164558,0.512534900835442,0.128133725208861
"515","S139","P21213_121_S141",0.404221611721053,0.583504701899084,0.152013018664703
"516","S139","S142",0.427188505912038,0.553890828514693,0.147933039915308
"517","S139","S143",0.457155047767508,0.54151125501204,0.136044662363236
"518","S139","S144",0.414502949053734,0.558405981866163,0.153147030006592
"519","S139","S145",0.368189442887773,0.631810557112226,0.157952639278057
"520","S139","S146",0.384935788656409,0.615064211343591,0.153766052835898
"521","S139","S147",0.455913793040642,0.544086206959358,0.13602155173984
"522","S139","S148",0.356087243747616,0.643912756252384,0.160978189063096
"523","S139","S149",0.383946046844714,0.616053953155286,0.154013488288822
"524","S139","S151",0.871035234067088,0.106953147454965,0.0377440961027149
"525","S139","S152",0.922627704418167,0.00309254687809195,0.0379130110713933
"526","S139","S153",0.915360333459705,0.0123220702293711,0.0392393157128046
"527","S139","S154",0.895178271419052,0.0617469251067099,0.0369741330137963
"528","S139","S155",0.897260690002189,0.0615470907566603,0.0359828823097402
"529","S139","S156",0.91890727351505,0,0.0405463632424752
"530","S139","S157",0.855184483169312,0.0977440438060518,0.047971747463831
"531","S139","S158",0.902192277523659,0.0348001169659452,0.0402038319966839
"532","S139","S159",0.927428425146699,0.00664761363912081,0.0346238840168704
"533","S140","P21213_121_S141",0.365783806136438,0.634216193863562,0.15855404846589
"534","S140","S142",0.38380242403107,0.61619757596893,0.154049393992232
"535","S140","S143",0.398150381159313,0.601849618840687,0.150462404710172
"536","S140","S144",0.38706775237133,0.61293224762867,0.153233061907168
"537","S140","S145",0.363883969368493,0.636116030631507,0.159029007657877
"538","S140","S146",0.355180437497391,0.644819562502609,0.161204890625652
"539","S140","S147",0.469018798395087,0.530981201604913,0.132745300401228
"540","S140","S148",0.383370826967664,0.616629173032336,0.154157293258084
"541","S140","S149",0.330354714470385,0.669645285529615,0.167411321382404
"542","S140","S151",0.953547987778696,0,0.0232260061106521
"543","S140","S152",0.929051880586707,0,0.0354740597066466
"544","S140","S153",0.949626952053512,0,0.0251865239732442
"545","S140","S154",0.950836780211869,0.0266355112178291,0.017922732089608
"546","S140","S155",0.962221875088766,0.00196980454628141,0.0183966113190469
"547","S140","S156",1,0,0
"548","S140","S157",0.945878130307933,0.0030969550145173,0.0262866960924042
"549","S140","S158",0.956896595361891,0,0.0215517023190546
"550","S140","S159",0.935207237142205,0,0.0323963814288977
"551","P21213_121_S141","S142",0.192485790596324,0.609285796810931,0.251435655499105
"552","P21213_121_S141","S143",0.366263154623331,0.58232289445971,0.171287699073407
"553","P21213_121_S141","S144",0.258104463542334,0.665838586379286,0.204488121634012
"554","P21213_121_S141","S145",0.246507721494388,0.699780733637633,0.201800955843398
"555","P21213_121_S141","S146",0.28626523873267,0.667765528961579,0.18992599839327
"556","P21213_121_S141","S147",0.377599517633123,0.571161337709816,0.168409906755985
"557","P21213_121_S141","S148",0.304019613184849,0.641532376501393,0.187607099282227
"558","P21213_121_S141","S149",0.373360235110113,0.61367816903388,0.159900340186473
"559","P21213_121_S141","S151",0.914359162538488,0.0232487332499755,0.037008235418262
"560","P21213_121_S141","S152",0.912066268253301,0,0.0439668658733497
"561","P21213_121_S141","S153",0.870656751170953,0,0.0646716244145234
"562","P21213_121_S141","S154",0.90146906075491,0,0.0492654696225451
"563","P21213_121_S141","S155",0.9110788087538,0,0.0444605956230998
"564","P21213_121_S141","S156",0.86560747767257,0,0.0671962611637148
"565","P21213_121_S141","S157",0.899436942142105,0,0.0502815289289475
"566","P21213_121_S141","S158",0.910522048272187,0,0.0447389758639065
"567","P21213_121_S141","S159",0.897898889553519,0,0.0510505552232406
"568","S142","S143",0.358651567972265,0.588110329067901,0.173646633746892
"569","S142","S144",0.257808278092367,0.656311172829095,0.207018067746543
"570","S142","S145",0.235441170475266,0.692221377536323,0.209224070378286
"571","S142","S146",0.307516520937539,0.639357902474382,0.186402263912635
"572","S142","S147",0.37806546092702,0.57613479156151,0.166933571646112
"573","S142","S148",0.308162850854432,0.634677138092398,0.187249290049684
"574","S142","S149",0.359452168664529,0.620376129355897,0.165179883328761
"575","S142","S151",0.890812843637641,0.0523442600910932,0.0415075131584061
"576","S142","S152",0.900046410902761,0,0.0499767945486193
"577","S142","S153",0.868273920967486,0,0.0658630395162569
"578","S142","S154",0.892512208944452,0,0.053743895527774
"579","S142","S155",0.90921154132613,0,0.045394229336935
"580","S142","S156",0.884765427071549,0,0.0576172864642254
"581","S142","S157",0.891149086454067,0.00214946656569032,0.053888090131544
"582","S142","S158",0.889736717857281,0,0.0551316410713594
"583","S142","S159",0.886655872615958,0,0.0566720636920211
"584","S143","S144",0.346909270850797,0.596374648278777,0.177451702504908
"585","S143","S145",0.335354138656042,0.62942455888041,0.174966790951877
"586","S143","S146",0.341853313375539,0.613327046380581,0.175741581717085
"587","S143","S147",0.343128485268979,0.641596853392879,0.168036544017291
"588","S143","S148",0.300224620808863,0.658757881912549,0.185198219117431
"589","S143","S149",0.262529245274971,0.674713806263401,0.200056925796664
"590","S143","S151",0.878648345682791,0.0834885047088545,0.039803700981391
"591","S143","S152",0.896816983011777,0.0307897762715086,0.0438940644262344
"592","S143","S153",0.893249417731075,0,0.0533752911344626
"593","S143","S154",0.90271842086443,0.0163330902684945,0.0445575170006613
"594","S143","S155",0.899403453483056,0.0523822556950011,0.0372027093347216
"595","S143","S156",0.911759509446389,3.74776668283229e-05,0.0441108758600985
"596","S143","S157",0.896081485212697,0.0348113531716818,0.0432564191007312
"597","S143","S158",0.872856431380243,0.0517109234536146,0.0506440534464748
"598","S143","S159",0.905217740885587,0.00419014589477593,0.0463435930835126
"599","S144","S145",0.215635937517935,0.661687672481805,0.226760113120581
"600","S144","S146",0.249928557416421,0.708957420210568,0.197796366239148
"601","S144","S147",0.333002963716217,0.61943873967351,0.178638833223514
"602","S144","S148",0.313502052453784,0.59767216871099,0.19383093159536
"603","S144","S149",0.365682610707498,0.612752519471164,0.16397056477846
"604","S144","S151",0.822292180459382,0.17608811074795,0.0448318820833216
"605","S144","S152",0.868361805060057,0.0520992553680618,0.0527942836279563
"606","S144","S153",0.882726391144538,0.00112851783664715,0.0583546749685692
"607","S144","S154",0.850011445917696,0.0971206358779644,0.050714118071661
"608","S144","S155",0.8457297096625,0.113614934061223,0.0487314116534441
"609","S144","S156",0.886899743167471,0.0146760675002621,0.0528811115411989
"610","S144","S157",0.834417135608435,0.0871801511431689,0.0609963944099902
"611","S144","S158",0.839045611641228,0.107873230391909,0.0535088865814085
"612","S144","S159",0.886657407590891,0.0335479674777275,0.0482843043351225
"613","S145","S146",0.28689835708506,0.672938502409369,0.188316195855128
"614","S145","S147",0.332230281847588,0.653232648514157,0.170576696947667
"615","S145","S148",0.268690496076735,0.656911911421085,0.201426774106361
"616","S145","S149",0.347846034197352,0.63106565653641,0.168310568767222
"617","S145","S151",0.815407257099711,0.16725461229616,0.0504827183761045
"618","S145","S152",0.848011130424174,0.101077556244665,0.050725045726747
"619","S145","S153",0.846232297822309,0.0463100829019879,0.0653063303633483
"620","S145","S154",0.827864897499889,0.116300264469318,0.0569924851327258
"621","S145","S155",0.83075287659247,0.13429781178925,0.0510491087564522
"622","S145","S156",0.880047833492542,0.0127058755822464,0.0567996143581675
"623","S145","S157",0.819461351666954,0.10545786366523,0.0639048582502154
"624","S145","S158",0.841164057513106,0.0891458466636687,0.0571315095775298
"625","S145","S159",0.845657455256232,0.0897692173348672,0.0547289680381674
"626","S146","S147",0.263962479690416,0.687463337951166,0.196152925667001
"627","S146","S148",0.222095265121556,0.712359269980121,0.210862549944192
"628","S146","S149",0.316423118686123,0.683576881313878,0.170894220328469
"629","S146","S151",0.814998077387026,0.165946444600941,0.0510143501562518
"630","S146","S152",0.837723997400651,0.0985938108755468,0.056489548580788
"631","S146","S153",0.864718818018343,0.0333174278794178,0.0593112340209742
"632","S146","S154",0.84904974068268,0.0998015263207367,0.0505247480784758
"633","S146","S155",0.839358919345638,0.1391189460996,0.0455408038022808
"634","S146","S156",0.885974316529811,0.0187946282054133,0.0523141846837414
"635","S146","S157",0.840633028534581,0.101609407195793,0.0542811339337612
"636","S146","S158",0.852460844355951,0.0898867130192183,0.0512978995672198
"637","S146","S159",0.860553827055533,0.0797739784182794,0.0497795918676636
"638","S147","S148",0.232240211712312,0.707183858445979,0.207083929532349
"639","S147","S149",0.388052172022522,0.576891762838268,0.161750973279172
"640","S147","S151",0.878999678943968,0.0590254587927496,0.0457437958298286
"641","S147","S152",0.898094710095908,0.0130889925866213,0.0476803968053908
"642","S147","S153",0.887224126298676,0,0.0563879368506618
"643","S147","S154",0.891398359008384,0.0390337777719709,0.0445423760528152
"644","S147","S155",0.893473289459744,0.042187186860186,0.0427165585550814
"645","S147","S156",0.889969201051758,0,0.0550153994741212
"646","S147","S157",0.873055569116681,0.0375346593051734,0.0540885506153663
"647","S147","S158",0.903805973860379,0.0104417708502288,0.0454865703572535
"648","S147","S159",0.908545785767807,0,0.0457271071160966
"649","S148","S149",0.314520647581463,0.66455123012329,0.176601868678446
"650","S148","S151",0.796345228989635,0.203654771010365,0.0509136927525912
"651","S148","S152",0.837036737503417,0.110320047836966,0.0539016192890499
"652","S148","S153",0.85143619601547,0.0572585409593439,0.0599672667524292
"653","S148","S154",0.840265377964481,0.0924606004173585,0.0567521609134199
"654","S148","S155",0.847668317158443,0.104463061299265,0.0500500760959622
"655","S148","S156",0.887045208108125,0.0119807366145993,0.0534822117922876
"656","S148","S157",0.827367246596971,0.110500166406445,0.058691335099903
"657","S148","S158",0.816721113349179,0.134441754542388,0.0580290046898138
"658","S148","S159",0.851761953195843,0.0859360807223216,0.0526350032214981
"659","S149","S151",0.842407497401026,0.0967069653495908,0.0546195099620894
"660","S149","S152",0.877687023641562,0.0172628075982328,0.0568407862796605
"661","S149","S153",0.890198171344454,0,0.0549009143277731
"662","S149","S154",0.879999711891848,0.0445774382622463,0.0488557844885146
"663","S149","S155",0.87395562640443,0.0612320847683322,0.047714165605702
"664","S149","S156",0.906116666149624,0.00610249646415975,0.045416042809148
"665","S149","S157",0.858996767756149,0.0486385037369219,0.0583419901876949
"666","S149","S158",0.87171916216636,0.0438839815466364,0.0531694235301609
"667","S149","S159",0.882503316749861,0.0266992569426797,0.0520735273893994
"668","S151","S152",0.256628735565481,0.622471535361492,0.216067748376887
"669","S151","S153",0.348112509955424,0.52810152253213,0.193918364389256
"670","S151","S154",0.329420967316191,0.583783212019749,0.189343713336967
"671","S151","S155",0.356891663167019,0.555331622589341,0.182721262769155
"672","S151","S156",0.396946997745261,0.491015973481273,0.178772507757051
"673","S151","S157",0.317598497351981,0.586190514282671,0.194653122753342
"674","S151","S158",0.296953869068244,0.58142342037397,0.206167210372385
"675","S151","S159",0.316750793672794,0.54064782481187,0.206462646960636
"676","S152","S153",0.357713571830144,0.479061652681383,0.201377800914582
"677","S152","S154",0.352532925813919,0.527260017390237,0.191918532745481
"678","S152","S155",0.386314941888814,0.475169306998661,0.188050202305928
"679","S152","S156",0.395721871841463,0.441793189322811,0.191690766748566
"680","S152","S157",0.33891335756321,0.51962184719018,0.20063785942085
"681","S152","S158",0.285021652802813,0.57497283313497,0.213745965314851
"682","S152","S159",0.301205847599187,0.545640726762215,0.212986894509853
"683","S153","S154",0.248852608266248,0.590752721633207,0.227885515458574
"684","S153","S155",0.258175084222957,0.57674383062417,0.226726500232479
"685","S153","S156",0.258748982641622,0.534443387882975,0.237014661708445
"686","S153","S157",0.227204453142474,0.589322642650584,0.239067112766117
"687","S153","S158",0.338617072254446,0.487319705690755,0.208861537450088
"688","S153","S159",0.363766350830373,0.459601124798015,0.20321654338531
"689","S154","S155",0.273632397538683,0.609812758792369,0.210730611532566
"690","S154","S156",0.293964636400981,0.547791659400857,0.216069766949295
"691","S154","S157",0.238124044518115,0.626608643284471,0.224285816919824
"692","S154","S158",0.342415627445994,0.511784148831309,0.200846149069176
"693","S154","S159",0.346909270850797,0.527076503861376,0.194776238609258
"694","S155","S156",0.312354083194467,0.533614881946379,0.210419237916172
"695","S155","S157",0.2564320851934,0.620137718983294,0.216749527657477
"696","S155","S158",0.333866413673847,0.551389681635834,0.195219372754118
"697","S155","S159",0.371662611448245,0.500952978351062,0.188930449688112
"698","S156","S157",0.275879539450026,0.570882994067614,0.219339481758083
"699","S156","S158",0.380183017296861,0.461101616549565,0.194633087214178
"700","S156","S159",0.393664684576892,0.440377142162376,0.19307337217096
"701","S157","S158",0.317129858187674,0.534762311979759,0.207744492911223
"702","S157","S159",0.344081404209289,0.506815014683742,0.20125554422442
"703","S158","S159",0.277646444808211,0.550537852509077,0.223542314468625
